id,level
4-L-1.wav,4
4-L-2.wav,4
8-L-1.wav,5
8-L-2.wav,4
57-L-1.wav,4
57-L-2.wav,4
61-L-1.wav,2
61-L-2.wav,2
64-L-1.wav,4
64-L-2.wav,4
70-L-1.wav,2
70-L-2.wav,3
80-L-1.wav,3
80-L-2.wav,4
81-L-1.wav,4
81-L-2.wav,3
85-L-1.wav,3
85-L-2.wav,3
90-L-1.wav,3
90-L-2.wav,4
96-L-1.wav,4
96-L-2.wav,4
98-L-1.wav,3
98-L-2.wav,3
99-L-1.wav,4
99-L-2.wav,4
100-L-1.wav,5
100-L-2.wav,5
101-L-1.wav,4
101-L-2.wav,3
102-L-1.wav,2
102-L-2.wav,2
103-L-1.wav,1
103-L-2.wav,2
139-L-1.wav,1
139-L-10.wav,2
139-L-11.wav,2
139-L-12.wav,2
139-L-2.wav,1
139-L-3.wav,1
139-L-4.wav,1
139-L-5.wav,1
139-L-6.wav,1
139-L-7.wav,1
139-L-8.wav,1
139-L-9.wav,1
142-L-1.wav,1
142-L-10.wav,1
142-L-11.wav,1
142-L-2.wav,2
142-L-3.wav,1
142-L-4.wav,1
142-L-5.wav,1
142-L-6.wav,1
142-L-7.wav,1
142-L-8.wav,1
142-L-9.wav,1
146-L-1.wav,1
146-L-10.wav,1
146-L-11.wav,1
146-L-2.wav,1
146-L-3.wav,1
146-L-4.wav,1
146-L-5.wav,1
146-L-6.wav,1
146-L-7.wav,1
146-L-8.wav,1
146-L-9.wav,1
152-L-1.wav,1
152-L-10.wav,1
152-L-11.wav,1
152-L-12.wav,1
152-L-2.wav,2
152-L-3.wav,2
152-L-4.wav,2
152-L-5.wav,1
152-L-6.wav,2
152-L-7.wav,2
152-L-8.wav,1
152-L-9.wav,1
156-L-1.wav,1
156-L-10.wav,5
156-L-11.wav,2
156-L-2.wav,1
156-L-3.wav,1
156-L-4.wav,1
156-L-5.wav,1
156-L-6.wav,1
156-L-7.wav,2
156-L-8.wav,1
156-L-9.wav,1
160-L-1.wav,3
160-L-10.wav,1
160-L-11.wav,1
160-L-12.wav,1
160-L-2.wav,1
160-L-3.wav,2
160-L-4.wav,1
160-L-5.wav,2
160-L-6.wav,2
160-L-7.wav,2
160-L-8.wav,2
160-L-9.wav,2
161-L-1.wav,3
161-L-10.wav,2
161-L-11.wav,2
161-L-2.wav,2
161-L-3.wav,2
161-L-4.wav,2
161-L-5.wav,4
161-L-6.wav,2
161-L-7.wav,5
161-L-8.wav,2
161-L-9.wav,2
164-L-1.wav,2
164-L-10.wav,4
164-L-11.wav,5
164-L-2.wav,4
164-L-3.wav,2
164-L-4.wav,4
164-L-5.wav,2
164-L-6.wav,3
164-L-7.wav,2
164-L-8.wav,4
164-L-9.wav,2
165-L-1.wav,3
165-L-10.wav,4
165-L-11.wav,4
165-L-2.wav,4
165-L-3.wav,2
165-L-4.wav,2
165-L-5.wav,2
165-L-6.wav,4
165-L-7.wav,2
165-L-8.wav,2
167-L-1.wav,1
167-L-10.wav,3
167-L-11.wav,2
167-L-12.wav,1
167-L-2.wav,4
167-L-3.wav,2
167-L-4.wav,1
167-L-5.wav,2
167-L-6.wav,1
167-L-7.wav,1
167-L-8.wav,2
167-L-9.wav,3
171-L-1.wav,4
171-L-10.wav,4
171-L-11.wav,4
171-L-2.wav,3
171-L-3.wav,4
171-L-4.wav,4
171-L-5.wav,3
171-L-6.wav,3
171-L-7.wav,2
171-L-8.wav,2
171-L-9.wav,3
175-L-1.wav,4
175-L-10.wav,5
175-L-11.wav,4
175-L-2.wav,4
175-L-3.wav,4
175-L-4.wav,5
175-L-5.wav,3
175-L-6.wav,3
175-L-7.wav,4
175-L-8.wav,3
175-L-9.wav,4
176-L-1.wav,5
176-L-10.wav,3
176-L-11.wav,2
176-L-2.wav,4
176-L-3.wav,2
176-L-4.wav,4
176-L-5.wav,5
176-L-7.wav,4
176-L-8.wav,4
176-L-8.wav,3
176-L-8.wav,3
176-L-9.wav,4
176-L-9.wav,4
176-L-9.wav,3
178-L-1.wav,4
178-L-10.wav,5
178-L-11.wav,5
178-L-2.wav,4
178-L-3.wav,2
178-L-4.wav,4
178-L-5.wav,5
178-L-6.wav,4
178-L-7.wav,4
178-L-8.wav,4
178-L-9.wav,3
180-L-1.wav,5
180-L-10.wav,5
180-L-11.wav,5
180-L-2.wav,4
180-L-3.wav,2
180-L-4.wav,4
180-L-5.wav,4
180-L-6.wav,3
180-L-7.wav,4
180-L-8.wav,4
180-L-9.wav,5
182-L-1.wav,4
182-L-10.wav,3
182-L-11.wav,4
182-L-2.wav,4
182-L-3.wav,3
182-L-4.wav,5
182-L-5.wav,4
182-L-6.wav,2
182-L-7.wav,4
182-L-8.wav,4
182-L-9.wav,4
184-L-1.wav,4
184-L-10.wav,4
184-L-11.wav,3
184-L-2.wav,5
184-L-3.wav,5
184-L-4.wav,4
184-L-5.wav,4
184-L-6.wav,4
184-L-7.wav,4
184-L-8.wav,2
184-L-9.wav,3
186-L-1.wav,2
186-L-10.wav,2
186-L-11.wav,2
186-L-2.wav,2
186-L-29.wav,3
186-L-3.wav,3
186-L-4.wav,2
186-L-5.wav,3
186-L-6.wav,3
186-L-7.wav,2
186-L-8.wav,1
186-L-9.wav,1
191-L-1.wav,4
191-L-10.wav,4
191-L-11.wav,5
191-L-2.wav,3
191-L-3.wav,3
191-L-4.wav,2
191-L-5.wav,3
191-L-7.wav,4
191-L-8.wav,3
191-L-9.wav,3
196-L-1.wav,4
196-L-10.wav,3
196-L-11.wav,3
196-L-2.wav,3
196-L-3.wav,3
196-L-4.wav,3
196-L-5.wav,3
196-L-6.wav,3
196-L-7.wav,4
196-L-8.wav,4
196-L-9.wav,3
197-L-1.wav,4
197-L-10.wav,4
197-L-11.wav,4
197-L-2.wav,4
197-L-3.wav,4
197-L-4.wav,4
197-L-5.wav,4
197-L-6.wav,4
197-L-7.wav,4
197-L-8.wav,4
197-L-9.wav,4
203-L-1.wav,4
203-L-10.wav,3
203-L-11.wav,2
203-L-2.wav,4
203-L-3.wav,3
203-L-4.wav,3
203-L-5.wav,4
203-L-6.wav,3
203-L-7.wav,4
203-L-8.wav,4
203-L-9.wav,3
207-L-1.wav,4
207-L-10.wav,5
207-L-11.wav,4
207-L-2.wav,4
207-L-3.wav,5
207-L-4.wav,5
207-L-5.wav,5
207-L-6.wav,3
207-L-7.wav,4
207-L-8.wav,4
207-L-9.wav,2
209-L-1.wav,4
209-L-10.wav,4
209-L-11.wav,4
209-L-2.wav,5
209-L-3.wav,4
209-L-4.wav,5
209-L-5.wav,4
209-L-6.wav,5
209-L-7.wav,5
209-L-8.wav,5
209-L-9.wav,4
210-L-1.wav,5
210-L-10.wav,5
210-L-11.wav,5
210-L-2.wav,4
210-L-3.wav,4
210-L-4.wav,4
210-L-5.wav,5
210-L-6.wav,4
210-L-7.wav,4
210-L-8.wav,5
210-L-9.wav,4
211-L-1.wav,5
211-L-10.wav,4
211-L-11.wav,2
211-L-12.wav,3
211-L-12.wav,1
211-L-2.wav,4
211-L-3.wav,5
211-L-4.wav,3
211-L-5.wav,3
211-L-6.wav,2
211-L-7.wav,3
211-L-8.wav,3
211-L-9.wav,4
213-L-1.wav,4
213-L-10.wav,4
213-L-11.wav,4
213-L-2.wav,4
213-L-3.wav,4
213-L-4.wav,4
213-L-5.wav,4
213-L-6.wav,4
213-L-7.wav,4
213-L-8.wav,4
213-L-9.wav,4
214-L-1.wav,5
214-L-10.wav,4
214-L-11.wav,4
214-L-2.wav,5
214-L-3.wav,5
214-L-4.wav,4
214-L-5.wav,5
214-L-6.wav,3
214-L-7.wav,5
214-L-8.wav,4
214-L-9.wav,4
215-L-1.wav,4
215-L-10.wav,3
215-L-11.wav,4
215-L-2.wav,4
215-L-3.wav,3
215-L-4.wav,4
215-L-5.wav,4
215-L-6.wav,3
215-L-7.wav,4
215-L-8.wav,4
215-L-9.wav,4
216-L-1.wav,5
216-L-10.wav,4
216-L-11.wav,4
216-L-2.wav,5
216-L-3.wav,5
216-L-4.wav,5
216-L-5.wav,4
216-L-6.wav,3
216-L-7.wav,5
216-L-8.wav,4
216-L-9.wav,4
217-L-1.wav,4
217-L-10.wav,4
217-L-11.wav,4
217-L-2.wav,5
217-L-3.wav,4
217-L-4.wav,5
217-L-5.wav,5
217-L-6.wav,2
217-L-7.wav,5
217-L-8.wav,4
217-L-9.wav,4
219-L-1.wav,4
219-L-10.wav,4
219-L-11.wav,4
219-L-2.wav,4
219-L-3.wav,4
219-L-4.wav,4
219-L-5.wav,4
219-L-6.wav,4
219-L-7.wav,4
219-L-8.wav,5
219-L-9.wav,5
220-L-1.wav,3
220-L-10.wav,4
220-L-11.wav,4
220-L-2.wav,5
220-L-3.wav,3
220-L-4.wav,3
220-L-5.wav,5
220-L-6.wav,4
220-L-7.wav,4
220-L-8.wav,4
220-L-9.wav,4
221-L-1.wav,5
221-L-10.wav,4
221-L-11.wav,4
221-L-2.wav,4
221-L-3.wav,4
221-L-4.wav,2
221-L-5.wav,5
221-L-6.wav,5
221-L-7.wav,4
221-L-8.wav,4
221-L-9.wav,4
222-L-1.wav,1
222-L-10.wav,4
222-L-11.wav,5
222-L-2.wav,2
222-L-3.wav,4
222-L-4.wav,3
222-L-5.wav,4
222-L-6.wav,4
222-L-7.wav,5
222-L-8.wav,4
222-L-9.wav,4
223-L-1.wav,3
223-L-10.wav,4
223-L-11.wav,5
223-L-12.wav,3
223-L-2.wav,3
223-L-3.wav,4
223-L-4.wav,2
223-L-5.wav,5
223-L-6.wav,5
223-L-7.wav,3
223-L-8.wav,2
223-L-9.wav,4
227-L-1.wav,4
227-L-10.wav,4
227-L-11.wav,4
227-L-2.wav,4
227-L-3.wav,4
227-L-4.wav,4
227-L-5.wav,4
227-L-6.wav,4
227-L-7.wav,4
227-L-8.wav,5
227-L-9.wav,5
228-L-1.wav,4
228-L-10.wav,3
228-L-11.wav,5
228-L-2.wav,2
228-L-2.wav,4
228-L-3.wav,5
228-L-3.wav,4
228-L-4.wav,5
228-L-5.wav,4
228-L-6.wav,5
228-L-7.wav,5
228-L-8.wav,4
228-L-9.wav,4
229-L-1.wav,4
229-L-10.wav,3
229-L-11.wav,4
229-L-12.wav,5
229-L-2.wav,5
229-L-3.wav,4
229-L-4.wav,4
229-L-5.wav,4
229-L-6.wav,5
229-L-7.wav,5
229-L-8.wav,4
229-L-9.wav,4
231-L-1.wav,1
231-L-10.wav,3
231-L-11.wav,3
231-L-2.wav,3
231-L-3.wav,3
231-L-4.wav,1
231-L-5.wav,1
231-L-6.wav,4
231-L-7.wav,2
231-L-8.wav,3
231-L-9.wav,3
244-L-10.wav,3
244-L-11.wav,3
244-L-2.wav,3
244-L-3.wav,3
244-L-4.wav,3
244-L-5.wav,3
244-L-6.wav,3
244-L-7.wav,3
244-L-8.wav,3
244-L-9.wav,3
245-L-1.wav,3
245-L-10.wav,2
245-L-11.wav,1
245-L-2.wav,3
245-L-3.wav,3
245-L-4.wav,3
245-L-5.wav,3
245-L-6.wav,3
245-L-7.wav,3
245-L-8.wav,2
245-L-9.wav,2
246-L-1.wav,2
246-L-10.wav,3
246-L-11.wav,3
246-L-2.wav,2
246-L-3.wav,2
246-L-4.wav,2
246-L-5.wav,2
246-L-6.wav,3
246-L-7.wav,3
246-L-8.wav,2
246-L-9.wav,2
247-L-1.wav,3
247-L-10.wav,3
247-L-11.wav,3
247-L-2.wav,3
247-L-3.wav,3
247-L-4.wav,3
247-L-5.wav,3
247-L-6.wav,2
247-L-7.wav,3
247-L-8.wav,2
247-L-9.wav,2
249-L-1.wav,2
249-L-10.wav,2
249-L-11.wav,2
249-L-2.wav,2
249-L-3.wav,2
249-L-4.wav,3
249-L-5.wav,1
249-L-6.wav,2
249-L-7.wav,2
249-L-8.wav,3
249-L-9.wav,3
250-L-1.wav,2
250-L-10.wav,2
250-L-11.wav,2
250-L-2.wav,2
250-L-3.wav,2
250-L-4.wav,2
250-L-5.wav,2
250-L-6.wav,3
250-L-7.wav,2
250-L-8.wav,2
250-L-9.wav,3
263-L-1.wav,5
263-L-10.wav,5
263-L-11.wav,5
263-L-12.wav,4
263-L-2.wav,5
263-L-3.wav,5
263-L-4.wav,5
263-L-5.wav,5
263-L-6.wav,5
263-L-7.wav,5
263-L-8.wav,5
263-L-9.wav,5
267-L-1.wav,5
267-L-10.wav,4
267-L-12.wav,4
267-L-2.wav,2
267-L-3.wav,4
267-L-4.wav,4
267-L-5.wav,4
267-L-6.wav,4
267-L-7.wav,4
267-L-8.wav,4
267-L-9.wav,4
269-L-1.wav,4
269-L-10.wav,4
269-L-11.wav,4
269-L-2.wav,4
269-L-3.wav,5
269-L-4.wav,4
269-L-5.wav,4
269-L-6.wav,4
269-L-7.wav,4
269-L-8.wav,4
269-L-9.wav,4
273-L-1.wav,3
273-L-10.wav,3
273-L-11.wav,3
273-L-12.wav,3
273-L-2.wav,3
273-L-3.wav,3
273-L-4.wav,3
273-L-5.wav,3
273-L-6.wav,3
273-L-7.wav,3
273-L-8.wav,3
273-L-9.wav,3
275-L-1.wav,3
275-L-10.wav,4
275-L-11.wav,4
275-L-12.wav,4
275-L-2.wav,4
275-L-3.wav,4
275-L-4.wav,5
275-L-5.wav,4
275-L-6.wav,2
275-L-7.wav,4
275-L-8.wav,4
275-L-9.wav,4
276-L-1.wav,4
276-L-10.wav,4
276-L-11.wav,4
276-L-12.wav,5
276-L-2.wav,4
276-L-3.wav,5
276-L-4.wav,5
276-L-5.wav,5
276-L-6.wav,4
276-L-7.wav,5
276-L-8.wav,4
276-L-9.wav,4
277-L-1.wav,4
277-L-10.wav,4
277-L-11.wav,4
277-L-12.wav,4
277-L-2.wav,4
277-L-3.wav,4
277-L-4.wav,4
277-L-5.wav,4
277-L-6.wav,4
277-L-7.wav,4
277-L-8.wav,4
277-L-9.wav,4
278-L-1.wav,4
278-L-10.wav,4
278-L-11.wav,4
278-L-12.wav,4
278-L-2.wav,5
278-L-3.wav,5
278-L-4.wav,4
278-L-5.wav,4
278-L-6.wav,4
278-L-7.wav,4
278-L-8.wav,4
278-L-9.wav,4
281-L-1.wav,2
281-L-10.wav,2
281-L-11.wav,1
281-L-12.wav,2
281-L-2.wav,4
281-L-3.wav,2
281-L-4.wav,2
281-L-5.wav,2
281-L-6.wav,2
281-L-7.wav,2
281-L-8.wav,2
281-L-9.wav,2
283-L-1.wav,2
283-L-10.wav,2
283-L-11.wav,2
283-L-12.wav,4
283-L-2.wav,4
283-L-3.wav,4
283-L-5.wav,4
283-L-6.wav,4
283-L-7.wav,4
283-L-8.wav,4
283-L-9.wav,5
286-L-1.wav,4
286-L-10.wav,3
286-L-11.wav,4
286-L-12.wav,5
286-L-2.wav,4
286-L-3.wav,4
286-L-4.wav,4
286-L-5.wav,4
286-L-6.wav,4
286-L-8.wav,4
286-L-9.wav,4
288-L-1.wav,4
288-L-10.wav,4
288-L-11.wav,4
288-L-12.wav,4
288-L-2.wav,4
288-L-3.wav,4
288-L-4.wav,4
288-L-5.wav,4
288-L-6.wav,4
288-L-7.wav,4
288-L-8.wav,4
288-L-9.wav,4
289-L-1.wav,4
289-L-10.wav,5
289-L-11.wav,5
289-L-12.wav,4
289-L-12.wav,4
289-L-2.wav,4
289-L-3.wav,4
289-L-4.wav,4
289-L-5.wav,5
289-L-6.wav,4
289-L-7.wav,4
289-L-9.wav,5
290-L-1.wav,5
290-L-10.wav,5
290-L-11.wav,5
290-L-12.wav,4
290-L-2.wav,5
290-L-3.wav,5
290-L-4.wav,4
290-L-5.wav,4
290-L-6.wav,4
290-L-7.wav,5
290-L-8.wav,4
290-L-9.wav,4
291-L-1.wav,2
291-L-10.wav,2
291-L-11.wav,2
291-L-12.wav,3
291-L-2.wav,3
291-L-3.wav,3
291-L-4.wav,4
291-L-5.wav,3
291-L-6.wav,3
291-L-7.wav,4
291-L-8.wav,3
291-L-9.wav,4
292-L-1.wav,4
292-L-10.wav,4
292-L-11.wav,5
292-L-12.wav,4
292-L-2.wav,4
292-L-3.wav,4
292-L-4.wav,3
292-L-5.wav,4
292-L-6.wav,4
292-L-7.wav,4
292-L-8.wav,4
292-L-9.wav,4
293-L-1.wav,4
293-L-10.wav,4
293-L-11.wav,4
293-L-12.wav,4
293-L-2.wav,2
293-L-3.wav,3
293-L-4.wav,4
293-L-5.wav,4
293-L-6.wav,4
293-L-7.wav,4
293-L-8.wav,4
293-L-9.wav,4
299-L-1.wav,3
299-L-10.wav,3
299-L-11.wav,3
299-L-12.wav,3
299-L-2.wav,3
299-L-3.wav,3
299-L-4.wav,3
299-L-5.wav,3
299-L-6.wav,3
299-L-7.wav,3
299-L-8.wav,3
299-L-9.wav,3
303-L-1.wav,4
303-L-10.wav,4
303-L-11.wav,3
303-L-2.wav,3
303-L-3.wav,3
303-L-4.wav,3
303-L-5.wav,3
303-L-6.wav,4
303-L-7.wav,4
303-L-8.wav,4
303-L-9.wav,3
305-L-1.wav,5
305-L-10.wav,5
305-L-11.wav,4
305-L-2.wav,4
305-L-3.wav,4
305-L-4.wav,4
305-L-5.wav,4
305-L-6.wav,4
305-L-7.wav,4
305-L-8.wav,4
305-L-9.wav,4
308-L-1.wav,4
308-L-10.wav,3
308-L-11.wav,3
308-L-12.wav,4
308-L-2.wav,4
308-L-3.wav,5
308-L-4.wav,4
308-L-5.wav,4
308-L-6.wav,4
308-L-7.wav,4
308-L-8.wav,5
308-L-9.wav,3
310-L-1.wav,3
310-L-10.wav,3
310-L-10.wav,3
310-L-11.wav,3
310-L-12.wav,3
310-L-2.wav,3
310-L-3.wav,3
310-L-4.wav,3
310-L-5.wav,3
310-L-6.wav,3
310-L-7.wav,3
310-L-8.wav,4
310-L-9.wav,4
311-L-1.wav,4
311-L-10.wav,4
311-L-11.wav,5
311-L-2.wav,5
311-L-3.wav,4
311-L-4.wav,5
311-L-5.wav,5
311-L-6.wav,5
311-L-7.wav,5
311-L-8.wav,5
311-L-9.wav,5
312-L-1.wav,5
312-L-10.wav,5
312-L-11.wav,5
312-L-2.wav,4
312-L-3.wav,4
312-L-4.wav,5
312-L-5.wav,5
312-L-6.wav,5
312-L-7.wav,5
312-L-8.wav,5
312-L-9.wav,5
313-L-1.wav,5
313-L-10.wav,4
313-L-2.wav,5
313-L-3.wav,5
313-L-4.wav,4
313-L-5.wav,4
313-L-6.wav,4
313-L-7.wav,5
313-L-8.wav,5
313-L-9.wav,5
315-L-1.wav,5
315-L-10.wav,4
315-L-11.wav,4
315-L-12.wav,4
315-L-2.wav,5
315-L-3.wav,4
315-L-4.wav,4
315-L-5.wav,4
315-L-6.wav,4
315-L-7.wav,4
315-L-8.wav,4
315-L-9.wav,4
316-L-1.wav,4
316-L-10.wav,4
316-L-11.wav,4
316-L-12.wav,4
316-L-2.wav,4
316-L-3.wav,4
316-L-4.wav,4
316-L-5.wav,4
316-L-6.wav,4
316-L-7.wav,4
316-L-8.wav,4
316-L-9.wav,4
317-L-1.wav,4
317-L-10.wav,4
317-L-11.wav,3
317-L-12.wav,4
317-L-2.wav,5
317-L-3.wav,4
317-L-4.wav,4
317-L-5.wav,4
317-L-6.wav,4
317-L-7.wav,5
317-L-8.wav,4
317-L-9.wav,4
319-L-1.wav,3
319-L-2.wav,3
319-L-3.wav,4
319-L-4.wav,4
319-L-5.wav,4
319-L-6.wav,3
319-L-7.wav,3
319-L-8.wav,4
321-L-1.wav,4
321-L-10.wav,5
321-L-11.wav,5
321-L-2.wav,5
321-L-3.wav,5
321-L-4.wav,5
321-L-5.wav,5
321-L-6.wav,5
321-L-7.wav,5
321-L-8.wav,5
321-L-9.wav,5
322-L-1.wav,4
322-L-10.wav,3
322-L-11.wav,3
322-L-12.wav,3
322-L-13.wav,3
322-L-2.wav,3
322-L-3.wav,3
322-L-4.wav,3
322-L-5.wav,3
322-L-6.wav,3
322-L-7.wav,4
322-L-8.wav,3
322-L-9.wav,3
323-L-1.wav,3
323-L-10.wav,2
323-L-11.wav,2
323-L-12.wav,3
323-L-2.wav,3
323-L-3.wav,3
323-L-4.wav,3
323-L-5.wav,4
323-L-6.wav,3
323-L-7.wav,3
323-L-8.wav,3
323-L-9.wav,4
324-L-1.wav,3
324-L-10.wav,4
324-L-11.wav,4
324-L-12.wav,3
324-L-2.wav,3
324-L-3.wav,4
324-L-4.wav,3
324-L-5.wav,3
324-L-6.wav,3
324-L-7.wav,3
324-L-8.wav,3
324-L-9.wav,3
326-L-1.wav,3
326-L-10.wav,3
326-L-11.wav,4
326-L-12.wav,3
326-L-2.wav,3
326-L-3.wav,4
326-L-4.wav,4
326-L-5.wav,4
326-L-6.wav,4
326-L-7.wav,4
326-L-9.wav,4
335-L-1.wav,3
335-L-10.wav,3
335-L-11.wav,3
335-L-12.wav,3
335-L-2.wav,3
335-L-3.wav,3
335-L-4.wav,4
335-L-5.wav,4
335-L-6.wav,4
335-L-7.wav,3
335-L-8.wav,3
335-L-9.wav,3
336-L-1.wav,4
336-L-10.wav,4
336-L-11.wav,3
336-L-12.wav,4
336-L-2.wav,4
336-L-3.wav,2
336-L-4.wav,4
336-L-5.wav,4
336-L-6.wav,3
336-L-7.wav,3
336-L-8.wav,3
336-L-9.wav,4
337-L-1.wav,5
337-L-10.wav,4
337-L-11.wav,4
337-L-12.wav,4
337-L-2.wav,3
337-L-3.wav,3
337-L-4.wav,4
337-L-5.wav,4
337-L-6.wav,4
337-L-7.wav,3
337-L-8.wav,3
337-L-9.wav,3
339-L-1.wav,3
339-L-10.wav,3
339-L-11.wav,3
339-L-12.wav,3
339-L-2.wav,3
339-L-3.wav,3
339-L-4.wav,3
339-L-5.wav,3
339-L-6.wav,3
339-L-7.wav,3
339-L-8.wav,3
339-L-9.wav,3
340-L-1.wav,3
340-L-10.wav,3
340-L-11.wav,4
340-L-12.wav,3
340-L-2.wav,4
340-L-3.wav,4
340-L-4.wav,4
340-L-5.wav,3
340-L-6.wav,3
340-L-7.wav,4
340-L-8.wav,4
340-L-9.wav,5
341-L-1.wav,4
341-L-10.wav,4
341-L-11.wav,5
341-L-12.wav,4
341-L-2.wav,4
341-L-3.wav,4
341-L-4.wav,4
341-L-5.wav,4
341-L-6.wav,4
341-L-7.wav,4
341-L-8.wav,4
341-L-9.wav,4
343-L-1.wav,2
343-L-10.wav,4
343-L-11.wav,4
343-L-12.wav,2
343-L-2.wav,2
343-L-3.wav,2
343-L-4.wav,2
343-L-5.wav,3
343-L-6.wav,3
343-L-7.wav,3
343-L-8.wav,4
344-L-1.wav,3
344-L-10.wav,4
344-L-11.wav,3
344-L-12.wav,3
344-L-2.wav,3
344-L-3.wav,3
344-L-5.wav,3
344-L-6.wav,3
344-L-7.wav,3
344-L-8.wav,3
344-L-9.wav,3
345-L-1.wav,3
345-L-10.wav,3
345-L-11.wav,3
345-L-12.wav,3
345-L-2.wav,3
345-L-3.wav,3
345-L-4.wav,3
345-L-5.wav,3
345-L-6.wav,4
345-L-7.wav,4
345-L-8.wav,4
345-L-9.wav,3
346-L-1.wav,4
346-L-10.wav,4
346-L-11.wav,4
346-L-12.wav,4
346-L-2.wav,4
346-L-3.wav,4
346-L-4.wav,4
346-L-5.wav,4
346-L-6.wav,4
346-L-7.wav,4
346-L-8.wav,3
346-L-9.wav,3
347-L-1.wav,3
347-L-10.wav,4
347-L-11.wav,3
347-L-12.wav,3
347-L-2.wav,3
347-L-3.wav,3
347-L-4.wav,3
347-L-5.wav,3
347-L-6.wav,3
347-L-7.wav,3
347-L-8.wav,3
347-L-9.wav,4
348-L-1.wav,4
348-L-10.wav,4
348-L-11.wav,3
348-L-12.wav,3
348-L-2.wav,3
348-L-3.wav,3
348-L-4.wav,3
348-L-5.wav,3
348-L-6.wav,2
348-L-7.wav,3
348-L-8.wav,3
348-L-9.wav,3
349-L-1.wav,3
349-L-10.wav,3
349-L-11.wav,3
349-L-12.wav,3
349-L-2.wav,3
349-L-3.wav,3
349-L-4.wav,3
349-L-5.wav,3
349-L-6.wav,4
349-L-7.wav,4
349-L-8.wav,3
349-L-9.wav,3
350-L-1.wav,3
350-L-10.wav,3
350-L-11.wav,3
350-L-12.wav,3
350-L-2.wav,3
350-L-3.wav,3
350-L-4.wav,3
350-L-5.wav,4
350-L-6.wav,4
350-L-7.wav,4
350-L-8.wav,4
350-L-9.wav,3
353-L-1.wav,1
353-L-10.wav,2
353-L-11.wav,1
353-L-12.wav,1
353-L-2.wav,4
353-L-3.wav,1
353-L-4.wav,1
353-L-5.wav,2
353-L-6.wav,4
353-L-7.wav,4
353-L-8.wav,5
353-L-9.wav,5
357-L-1.wav,1
357-L-10.wav,4
357-L-11.wav,2
357-L-12.wav,2
357-L-2.wav,2
357-L-3.wav,4
357-L-4.wav,1
357-L-5.wav,2
357-L-6.wav,4
357-L-7.wav,4
357-L-8.wav,5
357-L-9.wav,4
362-L-1.wav,1
362-L-10.wav,1
362-L-11.wav,1
362-L-12.wav,2
362-L-2.wav,1
362-L-3.wav,2
362-L-4.wav,2
362-L-5.wav,2
362-L-6.wav,2
362-L-7.wav,1
362-L-8.wav,1
362-L-9.wav,1
363-L-1.wav,3
363-L-10.wav,3
363-L-11.wav,3
363-L-12.wav,3
363-L-2.wav,3
363-L-3.wav,3
363-L-4.wav,3
363-L-5.wav,3
363-L-6.wav,3
363-L-7.wav,3
363-L-8.wav,3
363-L-9.wav,3
367-L-1.wav,4
367-L-10.wav,4
367-L-11.wav,4
367-L-12.wav,5
367-L-2.wav,5
367-L-3.wav,5
367-L-4.wav,5
367-L-5.wav,5
367-L-6.wav,2
367-L-7.wav,4
367-L-8.wav,5
367-L-9.wav,5
368-L-1.wav,5
368-L-10.wav,5
368-L-11.wav,5
368-L-12.wav,4
368-L-2.wav,5
368-L-3.wav,4
368-L-4.wav,5
368-L-5.wav,5
368-L-6.wav,5
368-L-7.wav,5
368-L-8.wav,5
368-L-9.wav,5
369-L-1.wav,4
369-L-10.wav,5
369-L-11.wav,5
369-L-12.wav,5
369-L-2.wav,5
369-L-3.wav,5
369-L-4.wav,5
369-L-5.wav,5
369-L-6.wav,5
369-L-7.wav,5
369-L-8.wav,5
369-L-9.wav,5
370-L-1.wav,4
370-L-10.wav,4
370-L-11.wav,4
370-L-12.wav,5
370-L-2.wav,5
370-L-3.wav,4
370-L-4.wav,4
370-L-5.wav,5
370-L-6.wav,5
370-L-7.wav,5
370-L-8.wav,5
370-L-9.wav,5
372-L-1.wav,5
372-L-10.wav,5
372-L-11.wav,5
372-L-12.wav,5
372-L-2.wav,5
372-L-3.wav,5
372-L-4.wav,5
372-L-5.wav,5
372-L-6.wav,5
372-L-7.wav,5
372-L-8.wav,5
372-L-9.wav,5
373-L-1.wav,4
373-L-10.wav,5
373-L-11.wav,5
373-L-12.wav,5
373-L-2.wav,5
373-L-3.wav,5
373-L-4.wav,5
373-L-5.wav,5
373-L-6.wav,5
373-L-7.wav,5
373-L-8.wav,5
373-L-9.wav,5
374-L-1.wav,3
374-L-10.wav,3
374-L-11.wav,4
374-L-12.wav,5
374-L-2.wav,4
374-L-3.wav,5
374-L-4.wav,5
374-L-5.wav,4
374-L-6.wav,3
374-L-7.wav,3
374-L-8.wav,3
374-L-9.wav,3
375-L-1.wav,5
375-L-10.wav,4
375-L-11.wav,4
375-L-12.wav,3
375-L-2.wav,3
375-L-3.wav,3
375-L-4.wav,3
375-L-5.wav,3
375-L-6.wav,4
375-L-7.wav,4
375-L-8.wav,4
375-L-9.wav,4
376-L-1.wav,4
376-L-10.wav,5
376-L-11.wav,5
376-L-12.wav,5
376-L-2.wav,4
376-L-3.wav,4
376-L-4.wav,4
376-L-5.wav,5
376-L-6.wav,4
376-L-7.wav,3
376-L-8.wav,4
376-L-9.wav,4
377-L-1.wav,4
377-L-10.wav,3
377-L-2.wav,3
377-L-3.wav,3
377-L-4.wav,3
377-L-5.wav,3
377-L-6.wav,4
377-L-7.wav,3
377-L-8.wav,3
377-L-9.wav,3
378-L-1.wav,4
378-L-10.wav,4
378-L-11.wav,4
378-L-12.wav,4
378-L-2.wav,3
378-L-3.wav,4
378-L-4.wav,3
378-L-5.wav,4
378-L-6.wav,3
378-L-7.wav,3
378-L-8.wav,4
378-L-9.wav,4
379-L-1.wav,5
379-L-10.wav,5
379-L-11.wav,5
379-L-12.wav,5
379-L-2.wav,5
379-L-3.wav,4
379-L-4.wav,4
379-L-5.wav,4
379-L-6.wav,3
379-L-7.wav,4
379-L-8.wav,4
379-L-9.wav,4
380-L-1.wav,4
380-L-10.wav,3
380-L-11.wav,4
380-L-12.wav,4
380-L-2.wav,4
380-L-3.wav,4
380-L-4.wav,3
380-L-5.wav,3
380-L-6.wav,4
380-L-7.wav,4
380-L-8.wav,4
380-L-9.wav,3
381-L-1.wav,5
381-L-10.wav,5
381-L-11.wav,4
381-L-12.wav,4
381-L-2.wav,4
381-L-3.wav,4
381-L-4.wav,4
381-L-5.wav,5
381-L-6.wav,4
381-L-7.wav,5
381-L-8.wav,5
381-L-9.wav,5
382-L-1.wav,4
382-L-10.wav,4
382-L-11.wav,3
382-L-12.wav,4
382-L-2.wav,4
382-L-3.wav,5
382-L-4.wav,3
382-L-5.wav,4
382-L-6.wav,5
382-L-7.wav,5
382-L-8.wav,4
382-L-9.wav,4
383-L-1.wav,4
383-L-10.wav,2
383-L-11.wav,2
383-L-12.wav,2
383-L-2.wav,2
383-L-3.wav,4
383-L-4.wav,4
383-L-5.wav,4
383-L-6.wav,2
383-L-7.wav,2
383-L-8.wav,2
383-L-9.wav,2
391-L-1.wav,2
391-L-10.wav,2
391-L-11.wav,2
391-L-12.wav,4
391-L-2.wav,2
391-L-3.wav,2
391-L-4.wav,2
391-L-5.wav,1
391-L-6.wav,3
391-L-7.wav,3
391-L-8.wav,2
391-L-9.wav,2
396-L-1.wav,2
396-L-10.wav,3
396-L-11.wav,3
396-L-12.wav,3
396-L-2.wav,3
396-L-3.wav,3
396-L-4.wav,3
396-L-5.wav,3
396-L-6.wav,3
396-L-7.wav,3
396-L-8.wav,3
396-L-9.wav,3
397-L-1.wav,2
397-L-10.wav,5
397-L-11.wav,5
397-L-12.wav,4
397-L-2.wav,2
397-L-3.wav,2
397-L-4.wav,4
397-L-5.wav,4
397-L-6.wav,2
397-L-7.wav,2
397-L-8.wav,4
397-L-9.wav,5
398-L-1.wav,4
398-L-10.wav,4
398-L-11.wav,4
398-L-12.wav,4
398-L-2.wav,3
398-L-3.wav,3
398-L-4.wav,4
398-L-5.wav,4
398-L-6.wav,4
398-L-7.wav,3
398-L-8.wav,4
398-L-9.wav,4
399-L-1.wav,4
399-L-10.wav,5
399-L-11.wav,5
399-L-12.wav,4
399-L-2.wav,4
399-L-3.wav,5
399-L-4.wav,5
399-L-5.wav,5
399-L-6.wav,5
399-L-7.wav,5
399-L-8.wav,5
399-L-9.wav,5
401-L-1.wav,4
401-L-10.wav,5
401-L-11.wav,5
401-L-12.wav,5
401-L-2.wav,5
401-L-3.wav,4
401-L-4.wav,4
401-L-5.wav,4
401-L-6.wav,4
401-L-7.wav,4
401-L-8.wav,4
401-L-9.wav,4
402-L-1.wav,3
402-L-10.wav,3
402-L-11.wav,3
402-L-12.wav,3
402-L-2.wav,3
402-L-3.wav,4
402-L-4.wav,4
402-L-5.wav,3
402-L-6.wav,3
402-L-7.wav,3
402-L-8.wav,4
402-L-9.wav,3
406-L-1.wav,3
406-L-10.wav,3
406-L-11.wav,3
406-L-12.wav,3
406-L-2.wav,3
406-L-3.wav,3
406-L-4.wav,3
406-L-5.wav,3
406-L-6.wav,3
406-L-7.wav,3
406-L-8.wav,3
406-L-9.wav,3
409-L-1.wav,5
409-L-10.wav,3
409-L-11.wav,3
409-L-12.wav,3
409-L-2.wav,4
409-L-3.wav,4
409-L-4.wav,4
409-L-5.wav,4
409-L-6.wav,3
409-L-7.wav,3
409-L-8.wav,3
409-L-9.wav,3
410-L-1.wav,3
410-L-10.wav,3
410-L-11.wav,3
410-L-12.wav,3
410-L-2.wav,3
410-L-3.wav,3
410-L-4.wav,3
410-L-5.wav,3
410-L-6.wav,3
410-L-7.wav,3
410-L-8.wav,3
410-L-9.wav,3
411-L-1.wav,3
411-L-10.wav,3
411-L-11.wav,3
411-L-12.wav,3
411-L-2.wav,3
411-L-3.wav,3
411-L-4.wav,3
411-L-5.wav,3
411-L-6.wav,3
411-L-7.wav,3
411-L-8.wav,3
411-L-9.wav,3
420-L-1.wav,3
420-L-10.wav,3
420-L-11.wav,4
420-L-12.wav,4
420-L-2.wav,3
420-L-3.wav,4
420-L-4.wav,3
420-L-5.wav,3
420-L-6.wav,3
420-L-7.wav,3
420-L-8.wav,3
420-L-9.wav,4
422-L-1.wav,3
422-L-10.wav,4
422-L-11.wav,4
422-L-12.wav,4
422-L-2.wav,4
422-L-3.wav,3
422-L-4.wav,3
422-L-5.wav,3
422-L-6.wav,3
422-L-7.wav,3
422-L-8.wav,3
422-L-9.wav,4
424-L-1.wav,4
424-L-10.wav,4
424-L-11.wav,4
424-L-12.wav,5
424-L-2.wav,4
424-L-3.wav,4
424-L-4.wav,4
424-L-5.wav,4
424-L-6.wav,4
424-L-7.wav,5
424-L-8.wav,4
424-L-9.wav,4
429-L-1.wav,5
429-L-10.wav,2
429-L-11.wav,2
429-L-12.wav,2
429-L-2.wav,2
429-L-3.wav,5
429-L-4.wav,1
429-L-5.wav,4
429-L-6.wav,2
429-L-7.wav,2
429-L-8.wav,2
429-L-9.wav,4
430-L-1.wav,3
430-L-10.wav,3
430-L-11.wav,3
430-L-12.wav,4
430-L-2.wav,4
430-L-3.wav,3
430-L-4.wav,3
430-L-5.wav,3
430-L-6.wav,3
430-L-7.wav,3
430-L-8.wav,2
430-L-9.wav,3
431-L-1.wav,2
431-L-10.wav,4
431-L-11.wav,4
431-L-12.wav,3
431-L-2.wav,4
431-L-3.wav,4
431-L-4.wav,4
431-L-5.wav,4
431-L-6.wav,4
431-L-7.wav,2
431-L-8.wav,3
431-L-9.wav,3
432-L-1.wav,4
432-L-10.wav,4
432-L-11.wav,2
432-L-12.wav,4
432-L-2.wav,4
432-L-3.wav,4
432-L-4.wav,4
432-L-5.wav,3
432-L-6.wav,4
432-L-7.wav,2
432-L-8.wav,4
432-L-9.wav,4
436-L-1.wav,4
436-L-10.wav,5
436-L-11.wav,5
436-L-12.wav,4
436-L-2.wav,5
436-L-3.wav,5
436-L-4.wav,5
436-L-5.wav,5
436-L-6.wav,5
436-L-7.wav,5
436-L-8.wav,5
436-L-9.wav,5
438-L-1.wav,2
438-L-10.wav,2
438-L-11.wav,2
438-L-2.wav,4
438-L-3.wav,4
438-L-4.wav,4
438-L-5.wav,4
438-L-6.wav,4
438-L-7.wav,4
438-L-8.wav,4
438-L-9.wav,2
440-L-1.wav,2
440-L-10.wav,5
440-L-11.wav,5
440-L-12.wav,5
440-L-2.wav,2
440-L-3.wav,2
440-L-4.wav,4
440-L-5.wav,4
440-L-6.wav,2
440-L-7.wav,3
440-L-8.wav,2
440-L-9.wav,4
441-L-1.wav,4
441-L-10.wav,4
441-L-11.wav,4
441-L-12.wav,4
441-L-2.wav,4
441-L-3.wav,4
441-L-4.wav,4
441-L-5.wav,4
441-L-6.wav,4
441-L-7.wav,4
441-L-8.wav,4
441-L-9.wav,4
443-L-1.wav,2
443-L-10.wav,3
443-L-11.wav,4
443-L-12.wav,4
443-L-2.wav,3
443-L-3.wav,3
443-L-4.wav,4
443-L-5.wav,4
443-L-6.wav,4
443-L-7.wav,2
443-L-8.wav,4
443-L-9.wav,2
447-L-1.wav,2
447-L-10.wav,2
447-L-11.wav,2
447-L-12.wav,1
447-L-2.wav,1
447-L-3.wav,2
447-L-4.wav,1
447-L-5.wav,1
447-L-6.wav,2
447-L-7.wav,1
447-L-8.wav,1
447-L-9.wav,5
450-L-1.wav,4
450-L-10.wav,4
450-L-11.wav,4
450-L-12.wav,4
450-L-2.wav,4
450-L-3.wav,2
450-L-4.wav,2
450-L-5.wav,4
450-L-6.wav,2
450-L-7.wav,4
450-L-8.wav,4
450-L-9.wav,4
451-L-1.wav,4
451-L-10.wav,4
451-L-11.wav,3
451-L-12.wav,4
451-L-2.wav,4
451-L-3.wav,4
451-L-4.wav,4
451-L-5.wav,4
451-L-6.wav,4
451-L-7.wav,4
451-L-8.wav,4
451-L-9.wav,5
453-L-1.wav,4
453-L-10.wav,5
453-L-11.wav,4
453-L-12.wav,5
453-L-2.wav,4
453-L-3.wav,2
453-L-4.wav,4
453-L-5.wav,4
453-L-6.wav,4
453-L-7.wav,5
453-L-8.wav,2
453-L-9.wav,2
454-L-1.wav,4
454-L-10.wav,4
454-L-11.wav,4
454-L-12.wav,4
454-L-2.wav,4
454-L-3.wav,4
454-L-4.wav,2
454-L-5.wav,4
454-L-6.wav,4
454-L-7.wav,5
454-L-8.wav,2
454-L-9.wav,2
458-L-1.wav,3
458-L-10.wav,4
458-L-11.wav,3
458-L-2.wav,4
458-L-3.wav,5
458-L-4.wav,5
458-L-5.wav,4
458-L-6.wav,4
458-L-7.wav,3
458-L-8.wav,4
458-L-9.wav,4
460-L-1.wav,3
460-L-10.wav,3
460-L-11.wav,3
460-L-2.wav,3
460-L-3.wav,3
460-L-4.wav,3
460-L-5.wav,3
460-L-6.wav,3
460-L-7.wav,3
460-L-8.wav,3
460-L-9.wav,3
465-L-1.wav,2
465-L-10.wav,3
465-L-11.wav,3
465-L-2.wav,2
465-L-3.wav,2
465-L-4.wav,4
465-L-5.wav,5
465-L-6.wav,5
465-L-7.wav,3
465-L-8.wav,5
465-L-9.wav,3
467-L-1.wav,3
467-L-10.wav,4
467-L-11.wav,4
467-L-2.wav,3
467-L-3.wav,3
467-L-4.wav,3
467-L-5.wav,4
467-L-6.wav,4
467-L-7.wav,4
467-L-8.wav,3
467-L-9.wav,3
475-L-1.wav,4
475-L-10.wav,4
475-L-11.wav,5
475-L-2.wav,4
475-L-3.wav,4
475-L-4.wav,4
475-L-5.wav,4
475-L-6.wav,4
475-L-7.wav,4
475-L-8.wav,4
475-L-9.wav,4
490-L-1.wav,5
490-L-10.wav,3
490-L-11.wav,4
490-L-2.wav,3
490-L-3.wav,4
490-L-4.wav,5
490-L-5.wav,4
490-L-6.wav,5
490-L-7.wav,5
490-L-8.wav,4
490-L-9.wav,3
491-L-1.wav,4
491-L-10.wav,4
491-L-11.wav,4
491-L-2.wav,4
491-L-3.wav,5
491-L-4.wav,5
491-L-5.wav,5
491-L-6.wav,4
491-L-7.wav,4
491-L-8.wav,4
491-L-9.wav,4
492-L-1.wav,4
492-L-10.wav,5
492-L-11.wav,5
492-L-2.wav,4
492-L-3.wav,5
492-L-4.wav,4
492-L-5.wav,5
492-L-6.wav,5
492-L-7.wav,5
492-L-8.wav,5
492-L-9.wav,5
498-L-1.wav,3
498-L-10.wav,3
498-L-11.wav,3
498-L-2.wav,3
498-L-3.wav,3
498-L-4.wav,3
498-L-5.wav,3
498-L-6.wav,5
498-L-7.wav,4
498-L-8.wav,4
498-L-9.wav,3
502-L-1.wav,3
502-L-10.wav,3
502-L-11.wav,3
502-L-2.wav,3
502-L-3.wav,3
502-L-4.wav,3
502-L-5.wav,3
502-L-6.wav,3
502-L-7.wav,3
502-L-8.wav,3
502-L-9.wav,3
518-L-1.wav,3
518-L-10.wav,3
518-L-11.wav,3
518-L-2.wav,3
518-L-3.wav,3
518-L-4.wav,3
518-L-5.wav,3
518-L-6.wav,3
518-L-7.wav,3
518-L-8.wav,3
518-L-9.wav,3
549-L-1.wav,3
549-L-10.wav,3
549-L-11.wav,3
549-L-2.wav,3
549-L-3.wav,3
549-L-4.wav,3
549-L-5.wav,3
549-L-6.wav,3
549-L-7.wav,3
549-L-8.wav,3
549-L-9.wav,2
552-L-1.wav,3
552-L-10.wav,3
552-L-11.wav,3
552-L-2.wav,3
552-L-3.wav,3
552-L-4.wav,3
552-L-5.wav,3
552-L-6.wav,3
552-L-7.wav,3
552-L-8.wav,3
552-L-9.wav,3
557-L-1.wav,3
557-L-10.wav,3
557-L-11.wav,3
557-L-2.wav,3
557-L-3.wav,3
557-L-4.wav,3
557-L-5.wav,3
557-L-6.wav,3
557-L-7.wav,3
557-L-8.wav,3
557-L-9.wav,3
564-L-1.wav,1
564-L-2.wav,1
564-L-3.wav,1
564-L-4.wav,1
566-L-1.wav,3
566-L-10.wav,3
566-L-11.wav,3
566-L-2.wav,3
566-L-3.wav,3
566-L-4.wav,3
566-L-5.wav,3
566-L-6.wav,3
566-L-7.wav,3
566-L-8.wav,3
566-L-9.wav,3
572-L-1.wav,3
572-L-10.wav,3
572-L-11.wav,3
572-L-2.wav,3
572-L-3.wav,3
572-L-4.wav,3
572-L-5.wav,3
572-L-6.wav,3
572-L-7.wav,3
572-L-8.wav,3
572-L-9.wav,3
574-L-1.wav,3
574-L-10.wav,3
574-L-11.wav,3
574-L-12.wav,3
574-L-2.wav,3
574-L-3.wav,3
574-L-4.wav,3
574-L-5.wav,3
574-L-6.wav,3
574-L-7.wav,3
574-L-8.wav,3
574-L-9.wav,3
580-L-1.wav,3
580-L-10.wav,3
580-L-11.wav,3
580-L-2.wav,3
580-L-3.wav,3
580-L-4.wav,3
580-L-5.wav,3
580-L-6.wav,4
580-L-7.wav,4
580-L-8.wav,4
580-L-9.wav,4
582-L-1.wav,3
582-L-10.wav,3
582-L-11.wav,3
582-L-2.wav,3
582-L-3.wav,4
582-L-4.wav,4
582-L-5.wav,4
582-L-6.wav,4
582-L-7.wav,4
582-L-8.wav,5
582-L-9.wav,5
583-L-1.wav,3
583-L-10.wav,2
583-L-11.wav,2
583-L-2.wav,2
583-L-3.wav,2
583-L-4.wav,2
583-L-5.wav,3
583-L-6.wav,3
583-L-7.wav,2
583-L-8.wav,2
583-L-9.wav,3
584-L-1.wav,3
584-L-10.wav,3
584-L-11.wav,3
584-L-2.wav,3
584-L-3.wav,2
584-L-4.wav,3
584-L-5.wav,3
584-L-6.wav,3
584-L-7.wav,3
584-L-8.wav,3
584-L-9.wav,3
586-L-1.wav,3
586-L-10.wav,3
586-L-11.wav,2
586-L-2.wav,4
586-L-3.wav,4
586-L-4.wav,2
586-L-5.wav,4
586-L-6.wav,5
586-L-7.wav,5
586-L-8.wav,4
586-L-9.wav,4
588-L-1.wav,3
588-L-10.wav,2
588-L-11.wav,4
588-L-2.wav,2
588-L-3.wav,2
588-L-4.wav,3
588-L-5.wav,4
588-L-6.wav,4
588-L-7.wav,4
588-L-8.wav,2
588-L-9.wav,2
589-L-1.wav,3
589-L-10.wav,4
589-L-11.wav,3
589-L-2.wav,4
589-L-3.wav,4
589-L-4.wav,3
589-L-5.wav,3
589-L-6.wav,2
589-L-7.wav,3
589-L-8.wav,2
589-L-9.wav,3
590-L-1.wav,3
590-L-10.wav,3
590-L-11.wav,4
590-L-2.wav,4
590-L-3.wav,4
590-L-4.wav,4
590-L-5.wav,3
590-L-6.wav,3
590-L-7.wav,3
590-L-8.wav,3
590-L-9.wav,3
593-L-1.wav,3
593-L-10.wav,3
593-L-11.wav,3
593-L-2.wav,3
593-L-3.wav,3
593-L-4.wav,4
593-L-5.wav,4
593-L-6.wav,3
593-L-7.wav,3
593-L-8.wav,3
593-L-9.wav,3
596-L-1.wav,3
596-L-10.wav,3
596-L-11.wav,4
596-L-2.wav,3
596-L-3.wav,3
596-L-4.wav,3
596-L-5.wav,3
596-L-6.wav,3
596-L-7.wav,4
596-L-8.wav,3
596-L-9.wav,3
598-L-1.wav,3
598-L-10.wav,3
598-L-11.wav,3
598-L-2.wav,3
598-L-3.wav,3
598-L-4.wav,3
598-L-5.wav,3
598-L-6.wav,3
598-L-7.wav,3
598-L-8.wav,3
598-L-9.wav,3
607-L-1.wav,4
607-L-10.wav,5
607-L-11.wav,5
607-L-2.wav,5
607-L-3.wav,5
607-L-4.wav,5
607-L-5.wav,5
607-L-6.wav,5
607-L-7.wav,5
607-L-8.wav,5
607-L-9.wav,5
610-L-1.wav,3
610-L-10.wav,3
610-L-11.wav,3
610-L-2.wav,3
610-L-3.wav,3
610-L-4.wav,3
610-L-5.wav,5
610-L-6.wav,3
610-L-7.wav,3
610-L-8.wav,3
610-L-9.wav,3
616-L-1.wav,5
616-L-10.wav,5
616-L-11.wav,4
616-L-2.wav,4
616-L-3.wav,5
616-L-4.wav,5
616-L-5.wav,5
616-L-6.wav,5
616-L-7.wav,5
616-L-8.wav,5
616-L-9.wav,5
623-L-1.wav,4
623-L-10.wav,4
623-L-11.wav,4
623-L-2.wav,4
623-L-3.wav,3
623-L-4.wav,3
623-L-5.wav,4
623-L-6.wav,4
623-L-7.wav,4
623-L-8.wav,4
623-L-9.wav,2
625-L-1.wav,4
625-L-10.wav,4
625-L-11.wav,4
625-L-2.wav,5
625-L-3.wav,4
625-L-4.wav,4
625-L-5.wav,4
625-L-6.wav,4
625-L-7.wav,4
625-L-8.wav,4
625-L-9.wav,4
627-L-1.wav,3
627-L-10.wav,3
627-L-11.wav,4
627-L-2.wav,4
627-L-3.wav,4
627-L-4.wav,4
627-L-5.wav,4
627-L-6.wav,4
627-L-7.wav,4
627-L-8.wav,4
627-L-9.wav,4
628-L-1.wav,4
628-L-10.wav,4
628-L-11.wav,5
628-L-2.wav,4
628-L-3.wav,4
628-L-4.wav,4
628-L-5.wav,4
628-L-6.wav,4
628-L-7.wav,4
628-L-8.wav,4
628-L-9.wav,4
629-L-1.wav,4
629-L-10.wav,4
629-L-11.wav,4
629-L-2.wav,4
629-L-3.wav,4
629-L-4.wav,5
629-L-5.wav,4
629-L-6.wav,4
629-L-7.wav,5
629-L-8.wav,4
629-L-9.wav,4
630-L-1.wav,5
630-L-10.wav,4
630-L-11.wav,3
630-L-2.wav,4
630-L-3.wav,4
630-L-4.wav,4
630-L-5.wav,4
630-L-6.wav,4
630-L-7.wav,4
630-L-8.wav,3
630-L-9.wav,4
652-L-1.wav,3
652-L-10.wav,2
652-L-11.wav,2
652-L-2.wav,3
652-L-3.wav,4
652-L-4.wav,4
652-L-5.wav,3
652-L-6.wav,3
652-L-7.wav,3
652-L-8.wav,4
652-L-9.wav,2
655-L-1.wav,5
655-L-10.wav,4
655-L-11.wav,5
655-L-2.wav,5
655-L-3.wav,5
655-L-4.wav,5
655-L-5.wav,5
655-L-6.wav,5
655-L-7.wav,5
655-L-8.wav,5
655-L-9.wav,5
669-L-1.wav,2
669-L-10.wav,2
669-L-11.wav,2
669-L-2.wav,2
669-L-3.wav,2
669-L-4.wav,2
669-L-5.wav,2
669-L-6.wav,2
669-L-7.wav,4
669-L-8.wav,4
669-L-9.wav,2
673-L-1.wav,3
673-L-10.wav,2
673-L-11.wav,2
673-L-2.wav,2
673-L-3.wav,2
673-L-4.wav,2
673-L-5.wav,1
673-L-6.wav,1
673-L-7.wav,2
673-L-8.wav,1
673-L-9.wav,2
677-L-1.wav,2
677-L-10.wav,2
677-L-11.wav,3
677-L-12.wav,3
677-L-2.wav,3
677-L-3.wav,3
677-L-4.wav,3
677-L-5.wav,4
677-L-6.wav,3
677-L-7.wav,3
677-L-8.wav,3
677-L-9.wav,3
678-L-1.wav,3
678-L-10.wav,3
678-L-11.wav,3
678-L-2.wav,3
678-L-3.wav,3
678-L-4.wav,3
678-L-5.wav,3
678-L-6.wav,2
678-L-7.wav,2
678-L-8.wav,3
678-L-9.wav,3
679-L-1.wav,3
679-L-10.wav,3
679-L-11.wav,3
679-L-2.wav,3
679-L-3.wav,3
679-L-4.wav,3
679-L-5.wav,3
679-L-6.wav,3
679-L-7.wav,3
679-L-8.wav,3
679-L-9.wav,3
683-L-1.wav,3
683-L-10.wav,3
683-L-11.wav,3
683-L-2.wav,3
683-L-3.wav,3
683-L-4.wav,3
683-L-5.wav,3
683-L-6.wav,3
683-L-7.wav,3
683-L-8.wav,3
683-L-9.wav,3
684-L-1.wav,3
684-L-10.wav,5
684-L-11.wav,5
684-L-2.wav,2
684-L-3.wav,2
684-L-4.wav,4
684-L-5.wav,4
684-L-6.wav,4
684-L-7.wav,4
684-L-8.wav,4
684-L-9.wav,4
686-L-1.wav,4
686-L-10.wav,4
686-L-11.wav,4
686-L-2.wav,4
686-L-3.wav,4
686-L-4.wav,4
686-L-5.wav,4
686-L-6.wav,4
686-L-7.wav,4
686-L-8.wav,3
686-L-9.wav,3
689-L-1.wav,3
689-L-10.wav,3
689-L-11.wav,3
689-L-2.wav,2
689-L-3.wav,2
689-L-4.wav,2
689-L-5.wav,3
689-L-6.wav,3
689-L-7.wav,4
689-L-8.wav,4
689-L-9.wav,4
692-L-1.wav,3
692-L-10.wav,4
692-L-11.wav,3
692-L-2.wav,3
692-L-3.wav,3
692-L-4.wav,3
692-L-5.wav,3
692-L-6.wav,3
692-L-7.wav,4
692-L-8.wav,4
692-L-9.wav,4
693-L-1.wav,3
693-L-10.wav,4
693-L-11.wav,3
693-L-2.wav,3
693-L-3.wav,3
693-L-4.wav,3
693-L-5.wav,3
693-L-6.wav,3
693-L-7.wav,2
693-L-9.wav,2
696-L-1.wav,2
696-L-10.wav,1
696-L-11.wav,1
696-L-2.wav,2
696-L-3.wav,2
696-L-4.wav,3
696-L-5.wav,2
696-L-6.wav,2
696-L-7.wav,2
696-L-8.wav,2
696-L-9.wav,2
697-L-1.wav,3
697-L-10.wav,2
697-L-11.wav,2
697-L-2.wav,2
697-L-3.wav,2
697-L-4.wav,2
697-L-5.wav,2
697-L-6.wav,2
697-L-7.wav,2
697-L-8.wav,2
699-L-1.wav,2
699-L-10.wav,2
699-L-11.wav,2
699-L-2.wav,2
699-L-3.wav,2
699-L-4.wav,2
699-L-5.wav,2
699-L-6.wav,2
699-L-7.wav,3
699-L-8.wav,3
699-L-9.wav,2
700-L-1.wav,2
700-L-10.wav,2
700-L-3.wav,2
700-L-5.wav,2
700-L-6.wav,2
700-L-7.wav,2
700-L-8.wav,2
700-L-9.wav,2
702-L-1.wav,2
702-L-10.wav,1
702-L-11.wav,1
702-L-2.wav,2
702-L-3.wav,2
702-L-4.wav,2
702-L-5.wav,2
702-L-6.wav,2
702-L-7.wav,2
702-L-8.wav,2
702-L-9.wav,2
